id,firstname,surname
1,Adriana,Dibson
2,Con,VanVuuren
3,Robinett,Groveham
4,Leroi,Giacubo
5,Travers,Hammand
6,Brion,Costell
7,Lu,Glede
8,Pollyanna,Iorizzo
9,Dulcinea,Headly
10,Eric,Chasen
11,Gardner,Tomczykowski
12,Quentin,Gilbank
13,Tarah,Farnell
14,Waring,Marjot
15,Godard,McGaughey
16,Rodrigo,Dalbey
17,Rhetta,Perazzo
18,Aldis,Rubartelli
19,Rochester,MacNess
20,Brendan,Hickin
21,Collin,Addenbrooke
22,Veriee,Rickis
23,Carry,Ohlsen
24,Sherie,Turfes
25,Kincaid,Mardlin
26,Costanza,Mottershead
27,Marin,Coudray
28,Cassaundra,Sirmon
29,Margie,Yurchishin
30,Leesa,Wingate
31,Ivett,Karolyi
32,Orazio,Minney
33,Del,Drance
34,George,Cowthard
35,Harv,Coney
36,Randie,Stookes
37,Bevvy,Proffitt
38,Janis,Pirrey
39,Price,Lenox
40,Hube,Sapseed
41,Raynell,Rulten
42,Spenser,Killiner
43,Mair,Bondesen
44,Anastasia,Shankster
45,Nicole,Orwin
46,Leodora,Mityushkin
47,Emelda,Kirkby
48,Marve,Almond
49,Hugues,Rozet
50,Ofella,MacGillivray
51,Egbert,Sagg
52,Nonnah,Armand
53,Bernetta,Dodworth
54,Reamonn,Spurriar
55,Jed,Hambridge
56,Alicia,Ciraldo
57,Sarita,Swinnerton
58,Aguste,Emmett
59,Shandeigh,Watsam
60,Giorgia,O'Hickee
61,Tobey,Mewhirter
62,Robena,Sutliff
63,Marice,Cardew
64,Keary,Trewett
65,Lynn,Scarlin
66,Vere,Grunwall
67,Nelli,Aarons
68,Glori,Hinkes
69,Natassia,Abels
70,Erma,Abramin
71,Dana,Fountain
72,Ade,Rosenstengel
73,Brok,Adamides
74,Sari,Macura
75,Lenna,Areles
76,Berna,Loveless
77,Jemmie,Tidgewell
78,Luigi,Dunsford
79,Cal,Harriott
80,Helga,Fitzpatrick
81,Scotty,Longcaster
82,Anetta,Beaushaw
83,Dominique,Stoneman
84,Colan,Tiley
85,Elianore,Wyley
86,Krishna,Voller
87,Bran,Goering
88,Gina,Valde
89,Maegan,Angric
90,Husain,McOrkil
91,Derwin,McGrath
92,Teressa,Marzelli
93,Delano,Bemment
94,Dolly,Fadian
95,Dun,Bruce
96,Babita,Percifull
97,Maryjane,Kilmurray
98,Adams,Gilffilland
99,Matilda,Bucknill
100,Kincaid,Cuddehay
101,Abigail,Neilan
102,Dreddy,Deetlefs
103,Hilliard,Dartnell
104,Winfield,Madoc-Jones
105,Jobina,Blenkinship
106,Elysia,Frondt
107,Jammal,Moulding
108,Therine,Hlavecek
109,Edith,Leethem
110,Cindee,Heffernan
111,Pierrette,Dillon
112,Tildy,Delacourt
113,Jenifer,Lotterington
114,Godfry,Borton
115,Giraldo,Timcke
116,Tommie,Connolly
117,Charlie,Huckabe
118,Hamlen,McBay
119,Arline,Skeermer
120,Karrah,Mapledorum
121,Dyann,Pucker
122,Kelley,Rosen
123,Orton,Clendinning
124,Nedi,Kryzhov
125,Augustine,Goodyear
126,Burch,Daniells
127,Harald,Eddow
128,Elsey,Chaucer
129,Elaina,Ruse
130,Chip,Gockelen
131,Kata,Newall
132,Pammie,Meth
133,Erica,Twittey
134,Tiffie,O'Sullivan
135,Susann,Lilford
136,Rosette,Behne
137,Ninette,Alebrooke
138,Josephina,Downgate
139,Blinnie,Frain
140,Ruggiero,Souttar
141,Kimberlyn,Babe
142,Linnie,Stronge
143,Urbain,Cleall
144,Ivor,Finessy
145,Marrilee,Marflitt
146,Rafe,Aspy
147,Maude,Gilhool
148,Phyllys,Snook
149,Nollie,Tremellan
150,Ruddy,Bygreaves
151,Holden,Freddi
152,Base,Patshull
153,Karrah,Woodnutt
154,Sander,Ucceli
155,Wayland,Loughton
156,Benetta,Echelle
157,Flory,Aimson
158,Belle,Chambers
159,Pierrette,Traylen
160,Ingram,Yesenin
161,Avie,Diloway
162,Bridget,Bradie
163,Todd,Osgardby
164,Minda,Merriman
165,Missie,Goodbarne
166,Ardelis,Rosina
167,Adams,Vanner
168,Delora,Rewan
169,Bree,Troup
170,Alexander,Jarrell
171,Norma,Alexandrou
172,Bruce,Alishoner
173,Curtice,Baudinet
174,Kerr,Peppard
175,Correna,Giamitti
176,Harbert,Poynton
177,Robinia,Volette
178,Glenn,Galliford
179,Sherrie,Dobbyn
180,Frederich,Sinyard
181,Penny,Benet
182,Tobey,Chezelle
183,Klaus,Americi
184,Murdock,Slaney
185,Beniamino,Luffman
186,Pattie,Brady
187,Salome,Swate
188,Ramon,Boothby
189,Mada,Waldron
190,Olly,Folder
191,Kenton,Huitt
192,Vanni,Boame
193,Marcello,Odda
194,Brnaby,Jee
195,Ezri,Twoohy
196,Brocky,McIsaac
197,Cynthea,Corah
198,Daffie,Pink
199,Petra,Berwick
200,Delly,Hendrikse
201,Lewes,Tremonte
202,Uriel,Ducrow
203,Yurik,Funcheon
204,Melodee,Bartkiewicz
205,Eduardo,Collinette
206,Herschel,Audas
207,Inglis,Girth
208,Isabelle,Koubu
209,Blanche,Spraging
210,Major,Richfield
211,Sammy,Chattelaine
212,Raine,Mole
213,Truman,Washbrook
214,Vidovik,McQueen
215,Meggi,Meriet
216,Jacynth,Milberry
217,Jada,MacShirrie
218,Ardelia,Pettegre
219,Gerhardine,Berriball
220,Edeline,Finney
221,Hartwell,Bladen
222,Aeriell,Crutcher
223,Hendrika,Peat
224,Sherlock,Elcoat
225,Benedick,Halegarth
226,Tommi,Whatling
227,Berny,Rannald
228,Morgen,Vandrill
229,Otho,Enriquez
230,Dorisa,Pendlebery
231,Silvester,O'Crowley
232,Antonie,Blackney
233,Matthiew,Aisman
234,Berty,Peever
235,Karissa,Stickins
236,Annelise,Dines
237,Russell,Thormwell
238,Gerick,Waggett
239,Noami,Gibard
240,Lazarus,Trousdale
241,Alwin,Fairholm
242,Jonas,Harse
243,Shelley,Tchaikovsky
244,Georgeanne,Tremmel
245,Carly,Jacmard
246,Clea,Rosson
247,Marcellus,Stockney
248,Nikolia,Bosma
249,Auroora,Spinley
250,Trip,Ferrick
251,Genni,Mitrikhin
252,Peyter,Patey
253,Whittaker,Cutteridge
254,Giraud,Elfleet
255,Ashlen,Border
256,Daphne,Poleykett
257,Norma,Milthorpe
258,Emeline,Stewart
259,Roxie,Ragles
260,Ashla,Shwalbe
261,Orren,Stairmand
262,Spencer,Braham
263,Odetta,DeSantos
264,Nevil,deKeep
265,Bunnie,Caddick
266,Penn,Parke
267,Breanne,Rosi
268,Lind,Garnar
269,Amalle,Grabbam
270,Ethe,Bygrove
271,Angeli,Dami
272,Liliane,Gergler
273,Bennett,Shervil
274,Roddy,Solleme
275,Aguistin,Mackison
276,Dill,Santello
277,Alec,Drogan
278,Dinah,Simmill
279,Robin,Bugden
280,Lotty,Chippendale
281,Lanny,Cawthery
282,Dulcinea,Brunsen
283,Erny,Erdis
284,Jesse,Dewdeny
285,Pepi,Tregido
286,Emmerich,Gotcliffe
287,Doretta,Cruttenden
288,Lazare,Tabrett
289,Whitaker,Jachimczak
290,Leilah,Lynd
291,Rabi,Spatari
292,Ula,Rennick
293,Peadar,Drewery
294,Dinnie,McInnes
295,Louie,Dunphy
296,Rene,Babbage
297,Esta,Denisovo
298,Dionysus,Aspell
299,Ced,Vaissiere
300,Justine,Westpfel
301,Karrah,Points
302,Maximilianus,Tremain
303,Roslyn,Grog
304,Miran,Greve
305,Coralie,Clapham
306,Leena,Duggan
307,Anna,Dovydenas
308,Jesse,Mumberson
309,Tanner,Turbitt
310,Irene,Scanterbury
311,Whitney,Tear
312,Natassia,Culpen
313,Maribeth,Fildes
314,Urbain,Murch
315,Amberly,Marquis
316,Jacki,Ciobotaru
317,Jackie,McKeown
318,Maiga,Wooler
319,Renate,Shimon
320,Ilise,Lambregts
321,Coraline,Matteucci
322,Lottie,Spykins
323,Janeva,Arrow
324,Sophey,Rigmond
325,Catherine,Rustman
326,Orlando,Rustich
327,Herc,Longrigg
328,Miner,Muncie
329,Mab,Menichelli
330,Jeanie,Jackling
331,Joana,Manclark
332,Doralin,Matisse
333,Alyssa,Reasce
334,Madelin,Rowlin
335,Benedicta,Dax
336,Andrea,Couroy
337,Bonnee,Redgrove
338,Giraud,Dealey
339,Terrye,Hansman
340,Radcliffe,Crombleholme
341,Sada,Portman
342,Gram,Chaperlin
343,Bibbie,Gillard
344,Chance,Perton
345,Yelena,Mardell
346,Sterne,Tuckerman
347,Kurt,Royse
348,Puff,Wathan
349,Goddart,Silson
350,Feodora,Neve
351,Floris,Ellerbeck
352,Priscilla,Byers
353,Meriel,Fender
354,Dinny,Ludlamme
355,Sauveur,McKenzie
356,Jodie,Gladwin
357,Wylie,Hodinton
358,Drew,Bridie
359,Loree,Henfre
360,Avram,Thairs
361,Thurston,Sackes
362,Hortensia,Wardhaw
363,Adriana,Andrin
364,Melloney,Goodspeed
365,Bekki,Rabjohns
366,Grantham,Gitthouse
367,Arie,Lanphere
368,Thornton,Mynett
369,Redd,Hallowell
370,Barclay,Hugland
371,Mathias,Dorr
372,Cris,Wilmott
373,Lance,Greguoli
374,Ruttger,VanVuuren
375,Jobey,Mitrikhin
376,Bruno,Rothera
377,Hyman,Flexman
378,Cyb,Padden
379,Reynolds,Kippie
380,Florette,Bruneton
381,Florian,Ortells
382,Stormy,Zarb
383,Neville,Corser
384,Dorelia,Doree
385,Penni,Behrens
386,Harold,Pedroli
387,Wilbert,Domb
388,Torin,Fitzsimons
389,Vladimir,Pencost
390,Hana,Andersen
391,Melosa,Eyden
392,Samara,Ruzic
393,Melvyn,Secombe
394,Jacinthe,Emps
395,Denys,Enright
396,Dianna,Brugger
397,Marnie,Seathwright
398,Cordula,Linden
399,Haley,Gee
400,Augie,Hamlett
401,Carolus,Potten
402,Iorgo,Boundy
403,Brynna,Schirak
404,Gavin,Sitlinton
405,Bobinette,Aglione
406,Chaim,Clancey
407,Gilemette,Thomazin
408,Consalve,Blackader
409,Lazar,Jeays
410,Daisie,Craigie
411,Holly,Bogey
412,Brien,Peplaw
413,Maxie,Halcro
414,Thoma,Ortmann
415,Bond,Diem
416,Malynda,Myhill
417,Betteann,Meryett
418,Skylar,Longshaw
419,Augy,Dedrick
420,Saree,Goghin
421,Jourdan,Letson
422,Kimberlyn,Greenwood
423,Jude,MacKim
424,Westbrook,Corker
425,Gawen,Hitzmann
426,Chantal,Kubis
427,Dell,Riddeough
428,Mart,Ricold
429,Kerr,Ferri
430,Loraine,Pemble
431,Abbot,Riggoll
432,Kelila,Boich
433,Doll,Stapele
434,Danielle,Steers
435,Harmon,Lumber
436,Chaim,Drillingcourt
437,Adelina,Shakspeare
438,Shurlocke,Kenright
439,Delphinia,Copner
440,Cassy,Comfort
441,Harrison,Matson
442,Eleonore,Domsalla
443,Avrit,Shory
444,Gonzales,Allabush
445,Annabal,Cecere
446,Jeane,Mannin
447,Ange,Blenkhorn
448,Mohammed,Trevon
449,Linnell,Retchless
450,Roosevelt,Smyley
451,Nicol,Rosengren
452,Veriee,Parnaby
453,Gwenette,Beckingham
454,Itch,Bosence
455,Artie,Tonkinson
456,Melina,Gair
457,Genvieve,Leat
458,Eduard,Todarello
459,Emelia,Cookley
460,Tully,Behninck
461,Hatti,Duignan
462,Benedikta,Kitman
463,Arlinda,Goldsby
464,Elvira,Bosanko
465,Sherry,Garnul
466,Hinze,Coppo
467,Reilly,Castro
468,Humphrey,Trahear
469,Daphna,Howton
470,Cornall,Judkin
471,Ellwood,Dreossi
472,Jean,Cornwall
473,Cris,Jancy
474,Yuma,Pirnie
475,Lucio,Turmel
476,Randall,Cran
477,Olenka,Dawton
478,Carlota,Moylan
479,Enid,Perrett
480,Charles,Midden
481,Netti,Alenin
482,Noellyn,Eyeington
483,Elnora,Weaving
484,Zolly,Neath
485,Frasier,MacGown
486,Stanton,Robion
487,Ermanno,Welland
488,Cully,Trewman
489,Bendicty,MacIlriach
490,Amalea,Pittle
491,Batholomew,Forbes
492,Osbourn,Jaffrey
493,Sonny,Yoselevitch
494,Wilmer,Lowerson
495,Carena,Braunfeld
496,Nalani,Bladder
497,Caron,Jancy
498,Kristian,Luisetti
499,Marian,Briar
500,Sinclare,Batrim
